Model,Brand,Total Annual Energy Consumption (kWh/year),Total water consumption (L/cycle),Size,Type,Volume of hot water used (litres),Drying Option,Appliance Type
DD24STX6PX1,Fisher & Paykel,114,6.02,compact,built-in,5.71,power-dry off,Dishwasher
DD24STX6I1,Fisher & Paykel,114,6.02,compact,built-in,5.71,power-dry off,Dishwasher
DD24STX6HI1,Fisher & Paykel,120,6.8,compact,built-in,6.8,power-dry with fan on and heat off,Dishwasher
DD24SCTW9,Fisher & Paykel,134,1.9,compact,built-in,1.75,power-dry off,Dishwasher
DD24ST4NX9,Fisher & Paykel,134,1.9,compact,built-in,1.75,power-dry off,Dishwasher
DD24SAX9,Fisher & Paykel,134,1.9,compact,built-in,1.75,power-dry off,Dishwasher
DD24SCTB9,Fisher & Paykel,134,1.9,compact,built-in,1.75,power-dry off,Dishwasher
DD24SV2T9,Fisher & Paykel,134,1.9,compact,built-in,1.75,power-dry off,Dishwasher
DD24SI9,Fisher & Paykel,134,1.9,compact,built-in,1.75,power-dry off,Dishwasher
DD24SDFTX9,Fisher & Paykel,134,1.9,compact,built-in,1.75,power-dry off,Dishwasher
DD24SCTX9,Fisher & Paykel,134,1.9,compact,built-in,1.75,power-dry off,Dishwasher
DD24STI9,Fisher & Paykel,134,1.9,compact,built-in,1.75,power-dry off,Dishwasher
DD24S**9,Fisher & Paykel,144,6.2,compact,built-in,6.2,power-dry with fan on and heat off,Dishwasher
DD24SV2T9,DCS by Fisher & Paykel,144,6.21,compact,built-in,6.21,power-dry with fan on and heat off,Dishwasher
DD24SCT*9,Fisher & Paykel,151,6.85,compact,built-in,6.85,power-dry with fan on and heat off,Dishwasher
DD24SHTI9,Fisher & Paykel,152,6.8,compact,built-in,6.8,power-dry with fan on and heat off,Dishwasher
DDW631SDB,Danby,155,7.57,compact,portable,7.57,power-dry off,Dishwasher
DDW621WDB,Danby,155,7.57,compact,portable,7.57,power-dry off,Dishwasher
SD2F-P3,Fotile,160,8.35,compact,built-in,,power-dry with fan and heat on,Dishwasher
SD2F-P3L,Fotile,160,8.35,compact,built-in,,power-dry with fan and heat on,Dishwasher
MX20,Moosoo,165,7.2,compact,built-in,7.2,power-dry with fan and heat on,Dishwasher
SD2F-P1XL,Fotile,169.1,9.51,compact,built-in,0,power-dry with fan and heat on,Dishwasher
SD2F-P1X,Fotile,169.1,9.51,compact,built-in,0,power-dry with fan and heat on,Dishwasher
G6875SCVI,Miele,199,12.1,standard,built-in,0,air dry,Dishwasher
G6935SCI,Miele,199,12.1,standard,built-in,0,air dry,Dishwasher
G6987SCVI,Miele,199,12.1,standard,built-in,0,air dry,Dishwasher
G6835SCI,Miele,199,12.1,standard,built-in,0,air dry,Dishwasher
SHE9ER5#UC,Bosch,200,11,standard,built-in,11,heat-only,Dishwasher
SHX9ER5#UC,Bosch,200,11,standard,built-in,11,heat-only,Dishwasher
SHV9ER5#UC,Bosch,200,11,standard,built-in,11,heat-only,Dishwasher
DD24DTX6PX1,Fisher & Paykel,202,11.75,standard,built-in,11.75,power-dry with fan on and heat off,Dishwasher
DD24DTX6I1,Fisher & Paykel,202,11.75,standard,built-in,11.75,power-dry with fan on and heat off,Dishwasher
MDC6S5A**,Midea,203,11.7,compact,portable,11.7,power-dry off,Dishwasher
BCD6W,Black & Decker,203,11.7,compact,portable,11.7,power-dry off,Dishwasher
CDC21B12***,Comfee,203,11.7,compact,portable,11.7,power-dry off,Dishwasher
MX30,Moosoo,207,12,compact,built-in,12,power-dry with fan and heat on,Dishwasher
MX50,Moosoo,207,12,compact,built-in,12,power-dry with fan and heat on,Dishwasher
MX40,Moosoo,207,12,compact,built-in,12,power-dry with fan and heat on,Dishwasher
G4720SCI,Miele,210,12.1,standard,built-in,0,air dry,Dishwasher
G4780SCVI,Miele,210,12.1,standard,built-in,0,air dry,Dishwasher
DW24UNT4X2,Fisher & Paykel,210,12.11,standard,built-in,12.11,power-dry with fan on and heat off,Dishwasher
DW24UT4I2,Fisher & Paykel,210,12.11,standard,built-in,12.11,power-dry with fan on and heat off,Dishwasher
DWS51502****,Blomberg,220,9.02,standard,built-in,9.02,power-dry off,Dishwasher
DIS25842,Beko,220,9.02,standard,built-in,9.02,power-dry off,Dishwasher
DDS25842***,Beko,220,9.02,standard,built-in,9.02,power-dry off,Dishwasher
DW18SS4,Summit,220,9.02,standard,built-in,9.02,power-dry off,Dishwasher
DFI776*,Asko,220,11.36,standard,built-in,0,heat-only,Dishwasher
DBI776*,Asko,220,11.36,standard,built-in,0,heat-only,Dishwasher
DBI364*,Asko,220,11.36,standard,built-in,0,heat-only,Dishwasher
DSD565*,Asko,220,11.36,standard,built-in,0,heat-only,Dishwasher
DFI564*,Asko,220,11.36,standard,built-in,0,heat-only,Dishwasher
DBI564*,Asko,220,11.36,standard,built-in,0,heat-only,Dishwasher
DBI565*,Asko,220,11.36,standard,built-in,0,heat-only,Dishwasher
DOD561*,Asko,220,11.36,standard,built-in,0,heat-only,Dishwasher
DFI565*,Asko,220,11.36,standard,built-in,0,heat-only,Dishwasher
G6745SCU,Miele,220,12.1,standard,built-in,0,air dry,Dishwasher
G6665SCVI,Miele,220,12.1,standard,built-in,0,air dry,Dishwasher
G6625SCU,Miele,220,12.1,standard,built-in,0,air dry,Dishwasher
G6625U,Miele,220,12.1,standard,built-in,0,air dry,Dishwasher
G6785SCVI,Miele,220,12.1,standard,built-in,0,air dry,Dishwasher
G5482SCVISL,Miele,220,12.1,standard,built-in,0,air dry,Dishwasher
DD24DTX6HI1,Fisher & Paykel,221,14,standard,built-in,14,power-dry with fan on and heat off,Dishwasher
DW2450WS,Cove,224,11.09,standard,built-in,11.09,power-dry with fan on and heat off,Dishwasher
DW24UT2I2,Fisher & Paykel,224,12.11,standard,built-in,12.11,power-dry with fan on and heat off,Dishwasher
DW24UNT2X2,Fisher & Paykel,224,12.11,standard,built-in,12.11,power-dry with fan on and heat off,Dishwasher
F6DWT24SS2,Fulgor Milano,225,8.93,standard,built-in,8.93,power-dry off,Dishwasher
F6DWT24FI2,Fulgor Milano,225,8.93,standard,built-in,8.93,power-dry off,Dishwasher
DUT36520***,Beko,225,8.93,standard,built-in,8.93,power-dry off,Dishwasher
VDWU324SS,Viking,225,8.93,standard,built-in,8.93,power-dry off,Dishwasher
FDWU324,Viking,225,8.93,standard,built-in,8.93,power-dry off,Dishwasher
DWT81800****,Blomberg,225,8.93,standard,built-in,8.93,power-dry off,Dishwasher
DWT52800****,Blomberg,225,8.93,standard,built-in,8.93,power-dry off,Dishwasher
DDT38530***,Beko,225,8.93,standard,built-in,8.93,power-dry off,Dishwasher
DDT36430***,Beko,225,8.93,standard,built-in,8.93,power-dry off,Dishwasher
VDWU524SS,Viking,225,8.97,standard,built-in,8.97,power-dry off,Dishwasher
FDWU524,Viking,225,8.97,standard,built-in,8.97,power-dry off,Dishwasher
DDT39432***,Beko,225,8.97,standard,built-in,8.97,power-dry off,Dishwasher
DWT81900****,Blomberg,225,8.97,standard,built-in,8.97,power-dry off,Dishwasher
DIT39432,Beko,225,8.97,standard,built-in,8.97,power-dry off,Dishwasher
DW2450,Cove,228,11.28,standard,built-in,11.28,power-dry with fan on and heat off,Dishwasher
DUT36522***,Beko,230,8.96,standard,built-in,8.52,power-dry off,Dishwasher
DDT38532*****,Beko,230,8.96,standard,built-in,8.52,power-dry off,Dishwasher
DDT38532***,Beko,230,8.96,standard,built-in,8.52,power-dry off,Dishwasher
DIT38532,Beko,230,8.96,standard,built-in,8.52,power-dry off,Dishwasher
DDT39434*****,Beko,230,9.25,standard,built-in,9.08,power-dry off,Dishwasher
FDWU724,Viking,230,9.25,standard,built-in,9.08,power-dry off,Dishwasher
DIT39434**,Beko,230,9.25,standard,built-in,9.08,power-dry off,Dishwasher
VDWU724SS,Viking,230,9.25,standard,built-in,9.08,power-dry off,Dishwasher
DDT39434***,Beko,230,9.25,standard,built-in,9.08,power-dry off,Dishwasher
DIT39434,Beko,230,9.25,standard,built-in,9.08,power-dry off,Dishwasher
G5216SCU,Miele,230,12.1,standard,built-in,0,air dry,Dishwasher
G5266SCVI,Miele,230,12.1,standard,built-in,0,air dry,Dishwasher
G7106SCU,Miele,230,12.1,standard,built-in,0,air dry,Dishwasher
G7156SCVI,Miele,230,12.1,standard,built-in,0,air dry,Dishwasher
G7316SCU,Miele,230,12.1,standard,built-in,0,air dry,Dishwasher
G7366SCVI,Miele,230,12.1,standard,built-in,0,air dry,Dishwasher
G7516SCI,Miele,230,12.1,standard,built-in,0,air dry,Dishwasher
G7566SCVI,Miele,230,12.1,standard,built-in,0,air dry,Dishwasher
G7916SCI,Miele,230,12.1,standard,built-in,0,air dry,Dishwasher
G7966SCVI,Miele,230,12.1,standard,built-in,0,air dry,Dishwasher
G4976SCVISF,Miele,230,12.1,standard,built-in,0,air dry,Dishwasher
G4926SCU,Miele,230,12.1,standard,built-in,0,air dry,Dishwasher
G4926U,Miele,230,12.1,standard,built-in,0,air dry,Dishwasher
G4971SCVI,Miele,230,12.1,standard,built-in,0,air dry,Dishwasher
G4976VI,Miele,230,12.1,standard,built-in,0,air dry,Dishwasher
G4976VISF,Miele,230,12.1,standard,built-in,0,air dry,Dishwasher
G5056SCVI,Miele,230,12.1,standard,built-in,0,air dry,Dishwasher
G5051SCVI,Miele,230,12.1,standard,built-in,0,air dry,Dishwasher
G5006SCU,Miele,230,12.1,standard,built-in,0,air dry,Dishwasher
G5006U,Miele,230,12.1,standard,built-in,0,air dry,Dishwasher
G4998SCVISF,Miele,230,12.1,standard,built-in,0,air dry,Dishwasher
G4998SCVI,Miele,230,12.1,standard,built-in,0,air dry,Dishwasher
G4998VI,Miele,230,12.1,standard,built-in,0,air dry,Dishwasher
G4993SCVI,Miele,230,12.1,standard,built-in,0,air dry,Dishwasher
G4976SCVI,Miele,230,12.1,standard,built-in,0,air dry,Dishwasher
G4948U,Miele,230,12.1,standard,built-in,0,air dry,Dishwasher
G4948SCU,Miele,230,12.1,standard,built-in,0,air dry,Dishwasher
DBI786*,Asko,230,12.11,standard,built-in,0,heat-only,Dishwasher
DFI786*,Asko,230,12.11,standard,built-in,0,heat-only,Dishwasher
DW24U6I1,Fisher & Paykel,230,13.07,standard,built-in,13.07,power-dry off,Dishwasher
G4228SCU,Miele,230,13.2,standard,built-in,0,air dry,Dishwasher
G4228U,Miele,230,13.2,standard,built-in,0,air dry,Dishwasher
DW24U2I1,Fisher & Paykel,232,12.61,standard,built-in,12.61,power-dry off,Dishwasher
DDN25401*,Beko,234,10.1,standard,built-in,10.1,power-dry off,Dishwasher
DIN25401,Beko,234,10.1,standard,built-in,10.1,power-dry off,Dishwasher
DUT25401**,Beko,234,10.1,standard,built-in,10.1,power-dry off,Dishwasher
DDT25401**,Beko,234,10.1,standard,built-in,10.1,power-dry off,Dishwasher
DIT25401,Beko,234,10.1,standard,built-in,10.1,power-dry off,Dishwasher
DDN25402*,Beko,234,10.1,standard,built-in,10.1,power-dry off,Dishwasher
DUT25401***,Beko,234,10.1,standard,built-in,10.1,power-dry off,Dishwasher
DW51600****,Blomberg,234,10.1,standard,built-in,10.1,power-dry off,Dishwasher
DWT52600****,Blomberg,234,10.1,standard,built-in,10.1,power-dry off,Dishwasher
DWT51600****,Blomberg,234,10.1,standard,built-in,10.1,power-dry off,Dishwasher
DWT25504****,Blomberg,234,10.1,standard,built-in,10.1,power-dry off,Dishwasher
DW2435SS,Summit Professional,234,10.1,standard,built-in,10.1,power-dry off,Dishwasher
DW245NT,Summit,234,11.36,standard,built-in,10.22,power-dry off,Dishwasher
ADADW24NT,Summit,234,11.36,standard,built-in,10.22,power-dry off,Dishwasher
1469#,Kenmore,234,11.36,standard,built-in,12.11,power-dry off,Dishwasher
1468#,Kenmore,234,11.36,standard,built-in,12.11,power-dry off,Dishwasher
1467#,Kenmore,234,11.36,standard,built-in,12.11,power-dry off,Dishwasher
1464#,Kenmore,234,11.36,standard,built-in,12.11,power-dry off,Dishwasher
1463#,Kenmore,234,11.36,standard,built-in,12.11,power-dry off,Dishwasher
1462#,Kenmore,234,11.36,standard,built-in,12.11,power-dry off,Dishwasher
1460#,Kenmore,234,11.36,standard,built-in,12.11,power-dry off,Dishwasher
DDW1832ESS,Danby,234,11.36,standard,built-in,11.36,power-dry with fan on and heat off,Dishwasher
DW183WADA,Summit,234,11.36,standard,built-in,10.22,power-dry off,Dishwasher
LDW18WA,Summit,234,11.36,standard,built-in,10.22,power-dry off,Dishwasher
LDW18BA,Summit,234,11.36,standard,built-in,10.22,power-dry off,Dishwasher
ADADW18SS,Summit,234,11.36,standard,built-in,10.22,power-dry off,Dishwasher
LDW18NTA,Summit,234,11.36,standard,built-in,10.22,power-dry off,Dishwasher
DW186NT,Summit,234,11.36,standard,built-in,10.22,power-dry off,Dishwasher
ADADW18NT,Summit,234,11.36,standard,built-in,10.22,power-dry off,Dishwasher
DW183W,Summit,234,11.36,standard,built-in,10.22,power-dry off,Dishwasher
ADADW18W,Summit,234,11.36,standard,built-in,10.22,power-dry off,Dishwasher
DW184BADA,Summit,234,11.36,standard,built-in,10.22,power-dry off,Dishwasher
DW184B,Summit,234,11.36,standard,built-in,10.22,power-dry off,Dishwasher
ADADW18B,Summit,234,11.36,standard,built-in,10.22,power-dry off,Dishwasher
DW185SSADA,Summit,234,11.36,standard,built-in,10.22,power-dry off,Dishwasher
LDW18SSA,Summit,234,11.36,standard,built-in,10.22,power-dry off,Dishwasher
DW185SS,Summit,234,11.36,standard,built-in,10.22,power-dry off,Dishwasher
DW186NTADA,Summit,234,11.36,standard,built-in,10.22,power-dry off,Dishwasher
DW24T3IXT,Bertazzoni,234,11.36,standard,built-in,15.75,power-dry off,Dishwasher
DW24T3IPT,Bertazzoni,234,11.36,standard,built-in,15.75,power-dry off,Dishwasher
DW24T3IXV,Bertazzoni,234,11.36,standard,built-in,15.75,power-dry off,Dishwasher
DW24T3IPV,Bertazzoni,234,11.36,standard,built-in,15.75,power-dry off,Dishwasher
DW24S3IPV,Bertazzoni,234,11.36,standard,built-in,15.75,power-dry off,Dishwasher
DW244SSADA,Summit,234,11.36,standard,built-in,10.22,power-dry off,Dishwasher
LDW24SSA,Summit,234,11.36,standard,built-in,10.22,power-dry off,Dishwasher
DW244SS,Summit,234,11.36,standard,built-in,10.22,power-dry off,Dishwasher
ADADW24SS,Summit,234,11.36,standard,built-in,10.22,power-dry off,Dishwasher
DW243BADA,Summit,234,11.36,standard,built-in,10.22,power-dry off,Dishwasher
LDW24BA,Summit,234,11.36,standard,built-in,10.22,power-dry off,Dishwasher
DW243B,Summit,234,11.36,standard,built-in,10.22,power-dry off,Dishwasher
ADADW24B,Summit,234,11.36,standard,built-in,10.22,power-dry off,Dishwasher
DW242WADA,Summit,234,11.36,standard,built-in,10.22,power-dry off,Dishwasher
LDW24WA,Summit,234,11.36,standard,built-in,10.22,power-dry off,Dishwasher
DW242W,Summit,234,11.36,standard,built-in,10.22,power-dry off,Dishwasher
ADADW24W,Summit,234,11.36,standard,built-in,10.22,power-dry off,Dishwasher
DW245NTADA,Summit,234,11.36,standard,built-in,10.22,power-dry off,Dishwasher
LDW24NTA,Summit,234,11.36,standard,built-in,10.22,power-dry off,Dishwasher
WQP8-7740-US,Loft Collection,234,11.7,standard,built-in,11.7,power-dry off,Dishwasher
UDT518SAHP,Whirlpool,234,11.7,standard,built-in,11.7,power-dry off,Dishwasher
DDW1804EW,Danby,234,11.7,standard,built-in,11.7,power-dry off,Dishwasher
DDW1804EB,Danby,234,11.7,standard,built-in,11.7,power-dry off,Dishwasher
DDW1804EBSS,Danby,234,11.7,standard,built-in,11.7,power-dry off,Dishwasher
WDF518SAH*,Whirlpool,234,11.7,standard,built-in,11.7,power-dry with fan and heat on,Dishwasher
UDT555SAHP,Whirlpool,234,13.2,standard,built-in,13.2,power-dry off,Dishwasher
WQP12-7739-US,Loft Collection,234,13.2,standard,built-in,13.2,power-dry off,Dishwasher
WDF550SAH*,Whirlpool,234,13.2,standard,built-in,13.2,power-dry with fan and heat on,Dishwasher
STU2FABRD2,Smeg,235,10.6,standard,built-in,10.6,heat-only,Dishwasher
STU2FABCR2,Smeg,235,10.6,standard,built-in,10.6,heat-only,Dishwasher
STU8633,Smeg,235,10.6,standard,built-in,10.6,heat-only,Dishwasher
LSPU8653X,Smeg,235,10.6,standard,built-in,10.6,heat-only,Dishwasher
KDW24,Hestan,235,10.6,standard,built-in,10.6,heat-only,Dishwasher
KDW24-OV,Hestan,235,10.6,standard,built-in,10.6,heat-only,Dishwasher
KDW24-XX,Hestan,235,10.6,standard,built-in,10.6,heat-only,Dishwasher
STU2FABWH2,Smeg,235,10.6,standard,built-in,10.6,heat-only,Dishwasher
STU2FABBL2,Smeg,235,10.6,standard,built-in,10.6,heat-only,Dishwasher
STU8642,Smeg,235,10.6,standard,built-in,10.6,heat-only,Dishwasher
DFI664*,Asko,235,12.1,standard,built-in,0,heat-only,Dishwasher
DBI663*,Asko,235,12.1,standard,built-in,0,heat-only,Dishwasher
DFI663*,Asko,235,12.1,standard,built-in,0,heat-only,Dishwasher
DBI664*,Asko,235,12.1,standard,built-in,0,heat-only,Dishwasher
DFI675*,Asko,235,12.1,standard,built-in,0,heat-only,Dishwasher
DBI675*,Asko,235,12.1,standard,built-in,0,heat-only,Dishwasher
DOD651*,Asko,235,13.2,standard,built-in,0,heat-only,Dishwasher
LDP679#**,LG,238,10.98,standard,built-in,10.98,power-dry with fan on and heat off,Dishwasher
LUDP890***,LG Signature,238,10.98,standard,built-in,10.98,power-dry with fan on and heat off,Dishwasher
LDT780#**,LG,238,10.98,standard,built-in,10.98,power-dry with fan on and heat off,Dishwasher
LDFN454**,LG,238,10.98,standard,built-in,10.98,power-dry with fan on and heat off,Dishwasher
LDFN343**,LG,238,10.98,standard,built-in,10.98,power-dry with fan on and heat off,Dishwasher
LDP681***,LG,238,10.98,standard,built-in,10.98,power-dry with fan on and heat off,Dishwasher
LDB454***,LG,238,10.98,standard,built-in,10.98,power-dry with fan on and heat off,Dishwasher
ADFD544***,LG,238,10.98,standard,built-in,10.98,power-dry with fan on and heat off,Dishwasher
LDFC242**,LG,238,10.98,standard,built-in,10.98,power-dry with fan on and heat off,Dishwasher
LDPM676**,LG,238,10.98,standard,built-in,10.98,power-dry with fan on and heat off,Dishwasher
SDWD24**,LG,238,10.98,standard,built-in,10.98,power-dry with fan on and heat off,Dishwasher
LDTS555**,LG,238,10.98,standard,built-in,10.98,power-dry with fan and heat on,Dishwasher
SDWB24**,LG,238,10.98,standard,built-in,10.98,power-dry with fan and heat on,Dishwasher
LDTH797**,LG,238,10.98,standard,built-in,10.98,power-dry with fan and heat on,Dishwasher
LDPH797**,LG,238,10.98,standard,built-in,10.98,power-dry with fan and heat on,Dishwasher
LDPS676**,LG,238,10.98,standard,built-in,10.98,power-dry with fan and heat on,Dishwasher
SKSDW24***,Signature Kitchen Suite,238,10.98,standard,built-in,10.98,power-dry with fan on and heat off,Dishwasher
SKSDW24**P,Signature Kitchen Suite,238,10.98,standard,built-in,10.98,power-dry with fan on and heat off,Dishwasher
SKSDW241**,Signature Kitchen Suite,238,10.98,standard,built-in,10.98,power-dry with fan and heat on,Dishwasher
LDF554#**,LG,238,10.98,standard,built-in,10.98,power-dry with fan on and heat off,Dishwasher
SGX78C***,Bosch,239,9.662,standard,built-in,9.662,power-dry off,Dishwasher
SGV78C***,Bosch,239,9.662,standard,built-in,9.662,power-dry off,Dishwasher
SGE78C***,Bosch,239,9.662,standard,built-in,9.662,power-dry off,Dishwasher
SGE53C***,Bosch,239,9.732,standard,built-in,9.732,power-dry off,Dishwasher
SGV43C***,Bosch,239,9.732,standard,built-in,9.732,power-dry off,Dishwasher
F65488VIS,AEG-Electrolux,239,10.22,standard,built-in,10.22,heat-only,Dishwasher
DW18PCFI-1,Porter & Charles,239,10.22,standard,built-in,10.22,heat-only,Dishwasher
STU1846,Smeg,239,10.22,standard,built-in,10.22,heat-only,Dishwasher
SHEM78WH**,Bosch,239,11,standard,built-in,11,heat-only,Dishwasher
SHV9PT5###,Bosch,239,11,standard,built-in,11,heat-only,Dishwasher
SHE9PT5###,Bosch,239,11,standard,built-in,11,heat-only,Dishwasher
FDWU524WS,Viking,239,11.43,standard,built-in,9.03,power-dry off,Dishwasher
DWT81900***WS,Blomberg,239,11.43,standard,built-in,9.03,power-dry off,Dishwasher
DIT38532WS,Beko,239,11.43,standard,built-in,8.85,power-dry off,Dishwasher
DDT38532***WS,Beko,239,11.43,standard,built-in,8.85,power-dry off,Dishwasher
VDWU524WSSS,Viking,239,11.43,standard,built-in,9.03,power-dry off,Dishwasher
1459#,Kenmore,239,11.73,standard,built-in,12.87,power-dry off,Dishwasher
1458#,Kenmore,239,11.73,standard,built-in,12.87,power-dry off,Dishwasher
VE-DWVSS,Porter & Charles,239,11.73,standard,built-in,13.06,power-dry off,Dishwasher
DWVFI18,Porter & Charles,239,11.73,standard,built-in,12.53,power-dry off,Dishwasher
DWVFI82,Porter & Charles,239,11.73,standard,built-in,13.06,power-dry off,Dishwasher
VE-DWVFI,Porter & Charles,239,11.73,standard,built-in,13.06,power-dry off,Dishwasher
DDW18D1EB,Danby,239,11.73,standard,built-in,11.73,power-dry off,Dishwasher
DDW18D1ESS,Danby,239,11.73,standard,built-in,11.73,power-dry off,Dishwasher
DDW18D1EW,Danby,239,11.73,standard,built-in,11.73,power-dry off,Dishwasher
DW18S2IPV,Bertazzoni,239,11.73,standard,built-in,16.62,power-dry off,Dishwasher
DW18S2IXV,Bertazzoni,239,11.73,standard,built-in,16.62,power-dry off,Dishwasher
DW24T2IPB,Bertazzoni,239,11.73,standard,built-in,17.07,power-dry off,Dishwasher
DWV-24,Zline,239,11.73,standard,built-in,13.06,power-dry off,Dishwasher
DWV-18,Zline,239,11.73,standard,built-in,12.53,power-dry off,Dishwasher
DW24T2IXB,Bertazzoni,239,11.73,standard,built-in,17.07,power-dry off,Dishwasher
DW24S2IPB,Bertazzoni,239,11.73,standard,built-in,17.07,power-dry off,Dishwasher
DW80B7070**,Samsung,239,12.1,standard,built-in,12.1,power-dry with fan and heat on,Dishwasher
DW80B7071**,Samsung,239,12.1,standard,built-in,12.1,power-dry with fan and heat on,Dishwasher
DW80BB6061****,Samsung,239,12.1,standard,built-in,12.1,power-dry off,Dishwasher
DW80BB6060****,Samsung,239,12.1,standard,built-in,12.1,power-dry off,Dishwasher
DW80B6061**,Samsung,239,12.1,standard,built-in,12.1,power-dry off,Dishwasher
DW80B6060**,Samsung,239,12.1,standard,built-in,12.1,power-dry off,Dishwasher
DW80CG4021**,Samsung,239,12.1,standard,built-in,12.1,power-dry with fan and heat on,Dishwasher
DW80CG4051**,Samsung,239,12.1,standard,built-in,12.1,power-dry with fan and heat on,Dishwasher
DW80BB7070****,Samsung,239,12.1,standard,built-in,12.1,power-dry with fan and heat on,Dishwasher
DW80BB7071****,Samsung,239,12.1,standard,built-in,12.1,power-dry with fan and heat on,Dishwasher
DW80R995***,Samsung,239,12.11,standard,built-in,12.11,power-dry off,Dishwasher
DW80R7*****,Samsung,239,12.11,standard,built-in,12.11,power-dry off,Dishwasher
DDW24T*****,Dacor,239,12.11,standard,built-in,12.11,power-dry off,Dishwasher
HUI66360XCUS,Hisense,239,12.11,standard,built-in,0,heat-only,Dishwasher
DDW24M*****,Dacor,239,12.11,standard,built-in,12.11,power-dry off,Dishwasher
GDT22***L***,GE,240,12.1,standard,built-in,12.1,no user selectable power dry option,Dishwasher
XDF35***R***,Crosley,240,12.1,standard,built-in,12.1,power dry,Dishwasher
GPT14***L***,GE,240,12.1,standard,portable,12.1,no user selectable power dry option,Dishwasher
UDT16***V***,GE,240,12.1,standard,built-in,12.1,no user selectable power dry option,Dishwasher
GDF51***R***,GE,240,12.1,standard,built-in,12.1,power dry,Dishwasher
ZDT92***N***,Monogram,240,12.1,standard,built-in,12.1,power-dry with fan and heat on,Dishwasher
ZDT98***N***,Monogram,240,12.1,standard,built-in,12.1,power-dry with fan and heat on,Dishwasher
CDT84***N***,Café,240,12.1,standard,built-in,12.1,power-dry with fan and heat on,Dishwasher
CDT805**N***,Café,240,12.1,standard,built-in,12.1,power-dry with fan and heat on,Dishwasher
DW50T6060**,Samsung,240,12.1,standard,built-in,12.1,power-dry off,Dishwasher
CDT87***N***,Café,240,12.1,standard,built-in,12.1,power-dry with fan and heat on,Dishwasher
GDF53***R***,GE,240,12.1,standard,built-in,12.1,power dry,Dishwasher
GDT53***R***,GE,240,12.1,standard,built-in,12.1,power dry,Dishwasher
GDT63***R***,GE,240,12.1,standard,built-in,12.1,power dry,Dishwasher
GDP63***R***,GE,240,12.1,standard,built-in,12.1,power dry,Dishwasher
GDT55***R***,GE,240,12.1,standard,built-in,12.1,power dry,Dishwasher
GDF55***R***,GE,240,12.1,standard,built-in,12.1,power dry,Dishwasher
GDT53***V***,GE,240,12.1,standard,built-in,12.1,power dry,Dishwasher
GDF46***T***,GE,240,12.1,standard,built-in,12.1,power dry,Dishwasher
GDF67***V***,GE,240,12.1,standard,built-in,12.1,power dry,Dishwasher
GDP67***V***,GE,240,12.1,standard,built-in,12.1,power dry,Dishwasher
GDT67***V***,GE,240,12.1,standard,built-in,12.1,power dry,Dishwasher
GDF66***V***,GE,240,12.1,standard,built-in,12.1,power dry,Dishwasher
GDP66***V***,GE,240,12.1,standard,built-in,12.1,power dry,Dishwasher
GDT65***V***,GE,240,12.1,standard,built-in,12.1,power dry,Dishwasher
GDF65***V***,GE,240,12.1,standard,built-in,12.1,power dry,Dishwasher
GDT64***N***,GE,240,12.1,standard,built-in,12.1,power-dry with fan and heat on,Dishwasher
GDP64***N***,GE,240,12.1,standard,built-in,12.1,power-dry with fan and heat on,Dishwasher
GDT66***N***,GE,240,12.1,standard,built-in,12.1,power-dry with fan and heat on,Dishwasher
GDP66***N***,GE,240,12.1,standard,built-in,12.1,power-dry with fan and heat on,Dishwasher
DDT70***N***,GE,240,12.1,standard,built-in,12.1,power-dry with fan and heat on,Dishwasher
PDT14***L***,GE Profile,240,12.1,standard,built-in,12.1,no user selectable power dry option,Dishwasher
PDT71***V***,GE Profile,240,12.1,standard,built-in,12.1,power dry,Dishwasher
PDP71***V***,GE Profile,240,12.1,standard,built-in,12.1,power dry,Dishwasher
PDT77***N***,GE Profile,240,12.1,standard,built-in,12.1,power-dry with fan and heat on,Dishwasher
PDT78***N***,GE Profile,240,12.1,standard,built-in,12.1,power-dry with fan and heat on,Dishwasher
PDT75***R***,GE Profile,240,12.1,standard,built-in,12.1,power-dry with fan and heat on,Dishwasher
PDP75***R***,GE Profile,240,12.1,standard,built-in,12.1,power-dry with fan and heat on,Dishwasher
PDT71***N***,GE Profile,240,12.1,standard,built-in,12.1,power-dry with fan and heat on,Dishwasher
PDP71***N***,GE Profile,240,12.1,standard,built-in,12.1,power-dry with fan and heat on,Dishwasher
MDF24P1B**,Midea,240,12.1,standard,built-in,12.1,power-dry with fan and heat on,Dishwasher
MDP18B10A***,Midea,240,12.1,standard,portable,12.1,power-dry off,Dishwasher
QDT12***L***,Haier,240,12.1,standard,built-in,12.1,no user selectable power dry option,Dishwasher
GPT22***L***,GE,240,12.1,standard,portable,12.1,no user selectable power dry option,Dishwasher
DDW2404EBSS,Danby,240,12.11,standard,built-in,12.11,power-dry off,Dishwasher
WDT550SAP*,Whirlpool,240,12.11,standard,built-in,12.11,door open dry,Dishwasher
WDF332PAM**,Whirlpool,240,12.11,standard,built-in,12.11,power-dry and heat on,Dishwasher
WDF341PAP**,Whirlpool,240,12.11,standard,built-in,12.11,power-dry and heat on,Dishwasher
WDT531HAP**,Whirlpool,240,12.11,standard,built-in,12.11,power-dry and heat on,Dishwasher
WDT751SAP**,Whirlpool,240,12.11,standard,built-in,12.11,power-dry and heat on,Dishwasher
FDPH4316****,Frigidaire,240,12.11,standard,built-in,10.52,power-dry with fan and heat on,Dishwasher
FDPH431L****,Frigidaire,240,12.11,standard,built-in,10.52,power-dry with fan and heat on,Dishwasher
FDPC4314****,Frigidaire,240,12.11,standard,built-in,10.52,power-dry with fan and heat on,Dishwasher
FFCD2413****,Frigidaire,240,12.11,standard,built-in,10.52,power-dry with fan and heat on,Dishwasher
FDSP4401****,Frigidaire,240,12.11,standard,built-in,8.97,power-dry off,Dishwasher
FDSH4501****,Frigidaire,240,12.11,standard,built-in,8.86,power-dry off,Dishwasher
FDSH450L****,Frigidaire,240,12.11,standard,built-in,8.86,power-dry off,Dishwasher
FGID2476****,Frigidaire,240,12.11,standard,built-in,8.86,power-dry off,Dishwasher
FGID2479****,Frigidaire,240,12.11,standard,built-in,8.86,power-dry off,Dishwasher
FGIP2479****,Frigidaire,240,12.11,standard,built-in,8.86,power-dry off,Dishwasher
FPID2498****,Frigidaire,240,12.11,standard,built-in,8.86,power-dry off,Dishwasher
JDAF3924RX,Jenn-Air,240,12.11,standard,built-in,12.11,door open dry,Dishwasher
JDAF5924RL,Jenn-Air,240,12.11,standard,built-in,12.11,door open dry,Dishwasher
JDAF5924RM,Jenn-Air,240,12.11,standard,built-in,12.11,door open dry,Dishwasher
JDPSG244P**,Jenn-Air,240,12.11,standard,built-in,12.11,power-dry with fan and heat on,Dishwasher
JDPSS244P**,Jenn-Air,240,12.11,standard,built-in,12.11,power-dry with fan and heat on,Dishwasher
MDB4950SP**,Maytag,240,12.11,standard,built-in,12.11,power-dry and heat on,Dishwasher
KDFE105P***,KitchenAid,240,12.11,standard,built-in,12.11,power-dry and heat on,Dishwasher
KDTM405P***,KitchenAid,240,12.11,standard,built-in,12.11,power-dry and heat on,Dishwasher
905.222.84**,Ikea,240,12.11,standard,built-in,9.69,power-dry with fan and heat on,Dishwasher
605.222.85**,Ikea,240,12.11,standard,built-in,9.69,power-dry with fan and heat on,Dishwasher
804.621.67**,Ikea,240,12.11,standard,built-in,10.52,power-dry with fan and heat on,Dishwasher
905.045.72,Ikea,240,12.11,standard,built-in,8.86,power-dry off,Dishwasher
GDPP4517***A,Frigidaire Gallery,240,12.11,standard,built-in,9.65,power-dry with fan and heat on,Dishwasher
GDPP4515***A,Frigidaire Gallery,240,12.11,standard,built-in,9.69,power-dry with fan and heat on,Dishwasher
GDPH4515***A,Frigidaire Gallery,240,12.11,standard,built-in,9.69,power-dry with fan and heat on,Dishwasher
GDSH4714****,Frigidaire Gallery,240,12.11,standard,built-in,8.97,power-dry off,Dishwasher
GDSP4714****,Frigidaire Gallery,240,12.11,standard,built-in,8.97,power-dry off,Dishwasher
GDSH4715****,Frigidaire Gallery,240,12.11,standard,built-in,8.97,power-dry off,Dishwasher
GDSP4715****,Frigidaire Gallery,240,12.11,standard,built-in,8.97,power-dry off,Dishwasher
PDSH4816****,Frigidaire Professional,240,12.11,standard,built-in,8.97,power-dry off,Dishwasher
KDTF324PPA,KitchenAid,240,12.11,standard,built-in,12.11,door open dry,Dishwasher
KDTF924PPS,KitchenAid,240,12.11,standard,built-in,12.11,door open dry,Dishwasher
KDTF924PPA,KitchenAid,240,12.11,standard,built-in,12.11,door open dry,Dishwasher
JDAF5924RX,KitchenAid,240,12.11,standard,built-in,12.11,door open dry,Dishwasher
EDSH4944****,Electrolux,240,12.11,standard,built-in,10.33,power-dry with fan and heat on,Dishwasher
605.411.75**,Ikea,240,12.11,standard,built-in,10.52,power-dry with fan and heat on,Dishwasher
DDW1805EWP,Danby,240,12.11,standard,portable,12.11,power-dry off,Dishwasher
DBT65***N***,GE Adora,240,13.2,standard,built-in,13.2,power-dry with fan and heat on,Dishwasher
BPD8W,Black & Decker,240,13.2,standard,portable,13.2,power-dry off,Dishwasher
BPD8B,Black & Decker,240,13.2,standard,portable,13.2,power-dry off,Dishwasher
PBF66***L***,GE Profile,240,13.2,standard,built-in,13.2,power-dry with fan and heat on,Dishwasher
GBP400SGYWW,GE,240,13.2,standard,portable,13.2,power-dry off,Dishwasher
PBF66***N***,GE Profile,240,13.2,standard,built-in,13.2,power-dry with fan and heat on,Dishwasher
GBT76***K***,GE,240,13.25,standard,built-in,13.25,heat-only,Dishwasher
LDF755#**,LG,245,9.46,standard,built-in,9.46,power-dry with fan on and heat off,Dishwasher
LSDF996#**,LG,245,9.46,standard,built-in,9.46,power-dry with fan on and heat off,Dishwasher
UPDF989#**,Signature Kitchen Suite,245,9.46,standard,built-in,9.46,power-dry with fan on and heat off,Dishwasher
LDF857#**,LG,245,9.46,standard,built-in,9.46,power-dry with fan on and heat off,Dishwasher
STU8647,Smeg,245,10.6,standard,built-in,10.6,heat-only,Dishwasher
STU8647X,Smeg,245,10.6,standard,built-in,10.6,heat-only,Dishwasher
STFABUWH,Smeg,245,10.6,standard,built-in,10.6,heat-only,Dishwasher
STFABUBL-1,Smeg,245,10.6,standard,built-in,10.6,heat-only,Dishwasher
STFABUCR-1,Smeg,245,10.6,standard,built-in,10.6,heat-only,Dishwasher
STFABUPB-1,Smeg,245,10.6,standard,built-in,10.6,heat-only,Dishwasher
STFABURD-1,Smeg,245,10.6,standard,built-in,10.6,heat-only,Dishwasher
STFABURD,Smeg,245,10.6,standard,built-in,10.6,heat-only,Dishwasher
STFABUCR,Smeg,245,10.6,standard,built-in,10.6,heat-only,Dishwasher
STFABUBL,Smeg,245,10.6,standard,built-in,10.6,heat-only,Dishwasher
STFABUPB,Smeg,245,10.6,standard,built-in,10.6,heat-only,Dishwasher
DW80M2020**,Samsung,249,13.2,standard,built-in,13.2,power-dry with fan and heat on,Dishwasher
NP-6F1FFHCA,Panasonic,249,13.2,standard,built-in,13.2,power-dry off,Dishwasher
NS-DWR2WH8,Insignia,249,13.2,standard,built-in,13.2,power-dry with fan and heat on,Dishwasher
NS-DWR2SS8,Insignia,249,13.2,standard,built-in,13.2,power-dry with fan and heat on,Dishwasher
NS-DWH1WH9,Insignia,249,13.2,standard,built-in,13.2,power-dry with fan and heat on,Dishwasher
NS-DWR3SS1,Insignia,249,13.2,standard,built-in,11.36,power-dry with fan and heat on,Dishwasher
NS-DWRF2XXXXX,Insignia,249,13.2,standard,built-in,13.2,power-dry with fan and heat on,Dishwasher
NS-DWH1SS9,Insignia,249,13.2,standard,built-in,13.2,power-dry with fan and heat on,Dishwasher
WQP12-6502,Loft Collection,249,13.2,standard,built-in,13.2,power-dry with fan and heat on,Dishwasher
NS-DWRF2SS3,Insignia,249,13.2,standard,built-in,11.36,power-dry and heat on,Dishwasher
NS-DWRF2WH3,Insignia,249,13.2,standard,built-in,11.36,power-dry and heat on,Dishwasher
CS14EFSBK1RCM,Comfee,249,13.2,standard,built-in,13.2,power-dry with fan and heat on,Dishwasher
CW14EFSBK1RCM,Comfee,249,13.2,standard,built-in,13.2,power-dry with fan and heat on,Dishwasher
MDF24P01**,Midea,249,13.2,standard,built-in,13.2,power-dry with fan and heat on,Dishwasher
NS-DWH2SS8,Insignia,249,13.2,standard,built-in,13.2,power-dry with fan and heat on,Dishwasher
GDF63***K***,GE,249,13.25,standard,built-in,13.25,heat-only,Dishwasher
RDW1830,RCA,250,12.11,standard,built-in,12.11,power-dry off,Dishwasher
F4DWS18FI1,Fulgor Milano,250,12.11,standard,built-in,12.11,power-dry off,Dishwasher
DWF18V**,Avanti,250,12.11,standard,built-in,12.11,power-dry off,Dishwasher
DWT18V3S,Avanti,250,12.11,standard,built-in,12.11,power-dry off,Dishwasher
FPID2498***A,Frigidaire,251,9.388,standard,built-in,9.388,power-dry with fan and heat on,Dishwasher
FGIP2479***A,Frigidaire,251,9.388,standard,built-in,9.388,power-dry with fan and heat on,Dishwasher
FGID2476***B,Frigidaire,251,9.388,standard,built-in,9.388,power-dry with fan and heat on,Dishwasher
FGID2479***A,Frigidaire,251,9.388,standard,built-in,9.388,power-dry with fan and heat on,Dishwasher
DIT38530,Beko,255,8.93,standard,built-in,8.93,power-dry off,Dishwasher
STU8623,Smeg,255,12.87,standard,built-in,12.87,heat-only,Dishwasher
LSPU8643BL,Smeg,255,12.87,standard,built-in,12.87,heat-only,Dishwasher
LSPU8643WH,Smeg,255,12.87,standard,built-in,12.87,heat-only,Dishwasher
STU8623X,Smeg,255,12.87,standard,built-in,12.87,heat-only,Dishwasher
LSPU8643X,Smeg,255,12.87,standard,built-in,12.87,heat-only,Dishwasher
DW80N3030**,Samsung,255,13.2,standard,built-in,13.2,power-dry with fan and heat on,Dishwasher
DW80R2031**,Samsung,255,13.2,standard,built-in,13.2,power-dry with fan and heat on,Dishwasher
DDT38530**WS,Beko,256,11.356,standard,built-in,11.356,power-dry off,Dishwasher
DWT81800***WS,Blomberg,256,11.356,standard,built-in,11.356,power-dry off,Dishwasher
VDWU524WSSS,Viking,256,11.36,standard,built-in,11.36,power-dry off,Dishwasher
DWT81900***WS,Blomberg,256,11.36,standard,built-in,11.36,power-dry off,Dishwasher
FDWU524WS,Viking,256,11.36,standard,built-in,11.36,power-dry off,Dishwasher
DDT38532***WS,Beko,256,11.43,standard,built-in,10.93,power-dry off,Dishwasher
DIT38532WS,Beko,256,11.43,standard,built-in,10.93,power-dry off,Dishwasher
FFID2426***A,Frigidaire,256,11.62,standard,built-in,11.62,heat on/off,Dishwasher
LDS577#**,LG,258,10.59,standard,built-in,10.59,power-dry with fan on and heat off,Dishwasher
LDF887#**,LG,258,10.59,standard,built-in,10.59,power-dry with fan on and heat off,Dishwasher
1469#,Kenmore,258,10.59,standard,built-in,10.59,power-dry with fan on and heat off,Dishwasher
1467#,Kenmore,258,10.59,standard,built-in,10.98,power-dry with fan on and heat off,Dishwasher
UPDF990#**,Signature Kitchen Suite,258,10.59,standard,built-in,10.59,power-dry with fan on and heat off,Dishwasher
LDF876#**,LG,258,10.59,standard,built-in,10.59,power-dry with fan on and heat off,Dishwasher
LDF777#**,LG,258,10.59,standard,built-in,10.59,power-dry with fan on and heat off,Dishwasher
LDT996#**,LG,258,10.59,standard,built-in,10.59,power-dry with fan on and heat off,Dishwasher
LDT680***,LG,258,10.98,standard,built-in,10.98,power-dry with fan on and heat off,Dishwasher
LDP680***,LG,258,10.98,standard,built-in,10.98,power-dry with fan on and heat off,Dishwasher
LDPS684***,LG,258,10.98,standard,built-in,10.98,power-dry with fan on and heat off,Dishwasher
LDPN676**,LG,258,10.98,standard,built-in,10.98,power-dry with fan on and heat off,Dishwasher
1435*,Kenmore,258,10.98,standard,built-in,10.98,power-dry with fan on and heat off,Dishwasher
1430*,Kenmore,258,10.98,standard,built-in,10.98,power-dry with fan on and heat off,Dishwasher
LDT567***,LG,258,10.98,standard,built-in,10.98,power-dry with fan on and heat off,Dishwasher
1338*,Kenmore,258,10.98,standard,built-in,10.98,power-dry with fan on and heat off,Dishwasher
LDP780***,LG,258,10.98,standard,built-in,10.98,power-dry with fan on and heat off,Dishwasher
LSDF989#**,LG,258,10.98,standard,built-in,10.98,power-dry with fan on and heat off,Dishwasher
LDP770***,LG,258,10.98,standard,built-in,10.98,power-dry with fan on and heat off,Dishwasher
LDT566#**,LG,258,10.98,standard,built-in,10.98,power-dry with fan on and heat off,Dishwasher
LDP567#**,LG,258,10.98,standard,built-in,10.98,power-dry with fan on and heat off,Dishwasher
LDT779#**,LG,258,10.98,standard,built-in,10.98,power-dry with fan on and heat off,Dishwasher
LDF567***,LG,258,10.98,standard,built-in,10.98,power-dry with fan on and heat off,Dishwasher
DF281760,Gaggenau,259,11,standard,built-in,11,heat-only,Dishwasher
SHE65T5###,Bosch,259,11,standard,built-in,11,heat-only,Dishwasher
DF281760F,Gaggenau,259,11,standard,built-in,11,heat-only,Dishwasher
DF280760F,Gaggenau,259,11,standard,built-in,11,heat-only,Dishwasher
SHP65TF###,Bosch,259,11,standard,built-in,11,heat-only,Dishwasher
SHP65T5###,Bosch,259,11,standard,built-in,11,heat-only,Dishwasher
SHP65T7###,Bosch,259,11,standard,built-in,11,heat-only,Dishwasher
SHX65T5###,Bosch,259,11,standard,built-in,11,heat-only,Dishwasher
SHP65TL###,Bosch,259,11,standard,built-in,11,heat-only,Dishwasher
SHE68T5###,Bosch,259,11,standard,built-in,11,heat-only,Dishwasher
SHE68TL###,Bosch,259,11,standard,built-in,11,heat-only,Dishwasher
SHV68T5###,Bosch,259,11,standard,built-in,11,heat-only,Dishwasher
SHX68TL###,Bosch,259,11,standard,built-in,11,heat-only,Dishwasher
SHX68T5###,Bosch,259,11,standard,built-in,11,heat-only,Dishwasher
SHV68TL###,Bosch,259,11,standard,built-in,11,heat-only,Dishwasher
SHX7PT5###,Bosch,259,11,standard,built-in,11,heat-only,Dishwasher
SHP7PT5###,Bosch,259,11,standard,built-in,11,heat-only,Dishwasher
SHE7PT5###,Bosch,259,11,standard,built-in,11,heat-only,Dishwasher
SHV7PT5###,Bosch,259,11,standard,built-in,11,heat-only,Dishwasher
SHX8PT5###,Bosch,259,11,standard,built-in,11,heat-only,Dishwasher
SHE8PT5###,Bosch,259,11,standard,built-in,11,heat-only,Dishwasher
SHP68TL###,Bosch,259,11,standard,built-in,11,heat-only,Dishwasher
SHP68T5###,Bosch,259,11,standard,built-in,11,heat-only,Dishwasher
SHV8PT5###,Bosch,259,11,standard,built-in,11,heat-only,Dishwasher
SHX78U5###,Bosch,259,11,standard,built-in,11,heat-only,Dishwasher
SHS63VL***,Bosch,259,11,standard,built-in,11,heat-only,Dishwasher
SHV53TB***,Bosch,259,11,standard,built-in,11,heat-only,Dishwasher
SHX53TB***,Bosch,259,11,standard,built-in,11,heat-only,Dishwasher
SHP53U5###,Bosch,259,11,standard,built-in,11,heat-only,Dishwasher
SHE65U5###,Bosch,259,11,standard,built-in,11,heat-only,Dishwasher
SGE53U5###,Bosch,259,11,standard,built-in,11,heat-only,Dishwasher
SHV7ER5#UC,Bosch,259,11,standard,built-in,11,heat-only,Dishwasher
SHX7ER5#UC,Bosch,259,11,standard,built-in,11,heat-only,Dishwasher
SHE53T5###,Bosch,259,11,standard,built-in,11,heat-only,Dishwasher
SHE53TF###,Bosch,259,11,standard,built-in,11,heat-only,Dishwasher
SHE53TL###,Bosch,259,11,standard,built-in,11,heat-only,Dishwasher
SHP53T5###,Bosch,259,11,standard,built-in,11,heat-only,Dishwasher
SHX53T5###,Bosch,259,11,standard,built-in,11,heat-only,Dishwasher
SHV53T5###,Bosch,259,11,standard,built-in,11,heat-only,Dishwasher
SHX53TL###,Bosch,259,11,standard,built-in,11,heat-only,Dishwasher
SHP53TL###,Bosch,259,11,standard,built-in,11,heat-only,Dishwasher
SHV53TL###,Bosch,259,11,standard,built-in,11,heat-only,Dishwasher
SHX65T3###,Bosch,259,11,standard,built-in,11,heat-only,Dishwasher
DF280760,Gaggenau,259,11,standard,built-in,11,heat-only,Dishwasher
MDT24H3A***,Midea,260,12.1,standard,built-in,12.1,power-dry with fan and heat on,Dishwasher
MDT24P5A***,Midea,260,12.1,standard,built-in,12.1,power-dry with fan and heat on,Dishwasher
MDT24H2A***,Midea,260,12.1,standard,built-in,12.1,power-dry with fan and heat on,Dishwasher
DWF24V**,Avanti,260,12.87,standard,built-in,12.87,power-dry off,Dishwasher
ULAZB72B3R42I00,Finlux,260,12.87,standard,built-in,12.87,power-dry with fan on and heat off,Dishwasher
ULAZB72B3R42D00,Finlux,260,12.87,standard,built-in,12.87,power-dry with fan on and heat off,Dishwasher
ULVYB62B3V42W00,Finlux,260,12.87,standard,built-in,12.87,power-dry with fan on and heat off,Dishwasher
ULVYB62B3V42S00,Finlux,260,12.87,standard,built-in,12.87,power-dry with fan on and heat off,Dishwasher
ULVYB62B3V42D00,Finlux,260,12.87,standard,built-in,12.87,power-dry with fan on and heat off,Dishwasher
ULBYA52A2S53W00,Finlux,260,12.87,standard,built-in,12.87,power-dry off,Dishwasher
ULBYA52A2S53B00,Finlux,260,12.87,standard,built-in,12.87,power-dry off,Dishwasher
MCDW24WI,Magic Clean,260,12.87,standard,built-in,12.87,power-dry off,Dishwasher
MCDW24SI,Magic Clean,260,12.87,standard,built-in,12.87,power-dry off,Dishwasher
F4DWT24FI1,Fulgor Milano,260,12.87,standard,built-in,12.87,power-dry off,Dishwasher
F4DWT24DS1,Fulgor Milano,260,12.87,standard,built-in,12.87,power-dry off,Dishwasher
F4DWS24FI1,Fulgor Milano,260,12.87,standard,built-in,12.87,power-dry off,Dishwasher
F4DWT24SS1,Fulgor Milano,260,12.87,standard,built-in,12.87,power-dry off,Dishwasher
WB82,Equator,260,12.87,standard,built-in,12.87,power-dry off,Dishwasher
SB82,Equator,260,12.87,standard,built-in,12.87,power-dry off,Dishwasher
BB82,Equator,260,12.87,standard,built-in,12.87,power-dry off,Dishwasher
ULBYB52A3R51B00,Finlux,260,12.87,standard,built-in,12.87,power-dry with fan on and heat off,Dishwasher
STU8222,Smeg,260,12.87,standard,built-in,12.87,heat-only,Dishwasher
RDW2480,RCA,260,12.87,standard,built-in,12.87,power-dry off,Dishwasher
ULBYB52A3R51I00,Finlux,260,12.87,standard,built-in,12.87,power-dry with fan on and heat off,Dishwasher
DD24DI9,Fisher & Paykel,263,12.4,standard,built-in,12.4,power-dry with fan on and heat off,Dishwasher
DD24DV2T9,Fisher & Paykel,263,12.4,standard,built-in,12.4,power-dry with fan on and heat off,Dishwasher
DD24DDFTX9,Fisher & Paykel,263,12.4,standard,built-in,12.4,power-dry with fan on and heat off,Dishwasher
DD24DTI9,Fisher & Paykel,263,12.4,standard,built-in,12.4,power-dry with fan on and heat off,Dishwasher
DD24DV2T9,DCS by Fisher & Paykel,263,12.4,standard,built-in,12.4,power-dry with fan on and heat off,Dishwasher
ST8646XU,Smeg,265,12.87,standard,built-in,12.87,heat-only,Dishwasher
DWTPC10SS-2,Porter & Charles,265,12.87,standard,built-in,12.87,heat-only,Dishwasher
DWTPC10FI-2,Porter & Charles,265,12.87,standard,built-in,12.87,heat-only,Dishwasher
DWTPC10SS,Porter & Charles,265,12.87,standard,built-in,12.87,heat-only,Dishwasher
DWTPC5FC,Porter & Charles,265,12.87,standard,built-in,12.87,heat-only,Dishwasher
DWTPC10FI,Porter & Charles,265,12.87,standard,built-in,12.87,heat-only,Dishwasher
LSPU8212S,Smeg,265,12.87,standard,built-in,12.87,heat-only,Dishwasher
LSPU8612S,Smeg,265,12.87,standard,built-in,12.87,heat-only,Dishwasher
F89088VI-S,AEG-Electrolux,265,12.87,standard,built-in,12.87,heat-only,Dishwasher
F89088VI-M,AEG-Electrolux,265,12.87,standard,built-in,12.87,heat-only,Dishwasher
F89088VI-S-2,AEG-Electrolux,265,12.87,standard,built-in,12.87,heat-only,Dishwasher
F89088VI-M-2,AEG-Electrolux,265,12.87,standard,built-in,12.87,heat-only,Dishwasher
F6DW24SS1,Fulgor Milano,265,12.87,standard,built-in,12.87,heat-only,Dishwasher
F6DW24FI1,Fulgor Milano,265,12.87,standard,built-in,12.87,heat-only,Dishwasher
F6PDW24SS1,Fulgor Milano,265,12.87,standard,built-in,12.87,heat-only,Dishwasher
ST8646U,Smeg,265,12.87,standard,built-in,12.87,heat-only,Dishwasher
DWTPC5FC-2,Porter & Charles,265,12.87,standard,built-in,12.87,heat-only,Dishwasher
ST8649U,Smeg,265,12.87,standard,built-in,12.87,heat-only,Dishwasher
ST8246U,Smeg,265,12.87,standard,built-in,12.87,heat-only,Dishwasher
STU8249,Smeg,265,12.87,standard,built-in,12.87,heat-only,Dishwasher
STU8649,Smeg,265,12.87,standard,built-in,12.87,heat-only,Dishwasher
STU8649X,Smeg,265,12.87,standard,built-in,12.87,heat-only,Dishwasher
STU8212,Smeg,265,12.87,standard,built-in,12.87,heat-only,Dishwasher
STU8612,Smeg,265,12.87,standard,built-in,12.87,heat-only,Dishwasher
STU8612X,Smeg,265,12.87,standard,built-in,12.87,heat-only,Dishwasher
DD24DCT*9,Fisher & Paykel,265,13.02,standard,built-in,13.02,power-dry with fan on and heat off,Dishwasher
DD24D**9,Fisher & Paykel,265,13.02,standard,built-in,13.02,power-dry with fan on and heat off,Dishwasher
DW80J3020**,Samsung,265,13.2,standard,built-in,13.2,power-dry off,Dishwasher
DW80M3021**,Samsung,265,13.2,standard,built-in,13.2,power-dry with fan on and heat off,Dishwasher
DW60R2014**,Samsung,265,13.2,standard,built-in,13.2,power-dry off,Dishwasher
DW80R506***,Samsung,265,13.2,standard,built-in,13.2,power-dry off,Dishwasher
DW80T504***,Samsung,265,13.2,standard,built-in,13.2,power-dry off,Dishwasher
DW80K5050**,Samsung,265,13.2,standard,built-in,13.2,power-dry off,Dishwasher
GDPP4517***A,Frigidaire,268,13.25,standard,built-in,12.91,power-dry with fan and heat on,Dishwasher
DF480761,Gaggenau,269,8.638,standard,built-in,8.638,heat-only,Dishwasher
DF481761F,Gaggenau,269,8.638,standard,built-in,8.638,heat-only,Dishwasher
DF481761,Gaggenau,269,8.638,standard,built-in,8.638,heat-only,Dishwasher
DF480761F,Gaggenau,269,8.638,standard,built-in,8.638,heat-only,Dishwasher
SHXM78W5#*,Bosch,269,8.677,standard,built-in,8.677,heat-only,Dishwasher
SHS843AF**,Bosch,269,8.704,standard,built-in,8.704,heat-only,Dishwasher
SHP865ZP#*,Bosch,269,8.769,standard,built-in,8.769,heat-only,Dishwasher
SHPM65Z5#*,Bosch,269,8.769,standard,built-in,8.769,heat-only,Dishwasher
SHXM65Z5#*,Bosch,269,8.769,standard,built-in,8.769,heat-only,Dishwasher
SHP865ZD#*,Bosch,269,8.769,standard,built-in,8.769,heat-only,Dishwasher
SHVM78Z5#*,Bosch,269,8.8,standard,built-in,8.8,heat-only,Dishwasher
SHP878ZD#*,Bosch,269,8.8,standard,built-in,8.8,heat-only,Dishwasher
SHXM78Z5#*,Bosch,269,8.8,standard,built-in,8.8,heat-only,Dishwasher
SHPM78Z5#*,Bosch,269,8.8,standard,built-in,8.8,heat-only,Dishwasher
SHEM78Z5#*,Bosch,269,8.8,standard,built-in,8.8,heat-only,Dishwasher
SHEM78ZH#*,Bosch,269,8.8,standard,built-in,8.8,heat-only,Dishwasher
SHV878ZD#*,Bosch,269,8.8,standard,built-in,8.8,heat-only,Dishwasher
SHP865****,Bosch,269,9.009,standard,built-in,9.009,heat-only,Dishwasher
DWHD771***,Thermador,269,9.046,standard,built-in,9.046,heat-only,Dishwasher
DWHD660***,Thermador,269,9.046,standard,built-in,9.046,heat-only,Dishwasher
DWHD650***,Thermador,269,9.046,standard,built-in,9.046,heat-only,Dishwasher
DWHD770***,Thermador,269,9.081,standard,built-in,9.081,heat-only,Dishwasher
DWHD870***,Thermador,269,9.081,standard,built-in,9.081,heat-only,Dishwasher
SHVM88Z7#*,Bosch,269,9.131,standard,built-in,9.131,heat-only,Dishwasher
SHXM88Z7#*,Bosch,269,9.131,standard,built-in,9.131,heat-only,Dishwasher
SHX87PZ5#*,Bosch,269,9.131,standard,built-in,9.131,heat-only,Dishwasher
SHP87PZ5#*,Bosch,269,9.131,standard,built-in,9.131,heat-only,Dishwasher
SHPM88Z7#*,Bosch,269,9.131,standard,built-in,9.131,heat-only,Dishwasher
SHEM3A****,Bosch,269,9.6,standard,built-in,9.6,heat-only,Dishwasher
SHX84A****,Bosch,269,9.661,standard,built-in,9.661,heat-only,Dishwasher
SHXM4A****,Bosch,269,9.661,standard,built-in,9.661,heat-only,Dishwasher
SHE88PZ6#*,Bosch,269,9.736,standard,built-in,9.736,heat-only,Dishwasher
SHV88PZ5#*,Bosch,269,9.736,standard,built-in,9.736,heat-only,Dishwasher
SHP88PZ5#*,Bosch,269,9.736,standard,built-in,9.736,heat-only,Dishwasher
SHV88PZ6#*,Bosch,269,9.736,standard,built-in,9.736,heat-only,Dishwasher
SHX88PZ5#*,Bosch,269,9.736,standard,built-in,9.736,heat-only,Dishwasher
SHX88PZ6#*,Bosch,269,9.736,standard,built-in,9.736,heat-only,Dishwasher
UPDF991#**,Signature Kitchen Suite,269,10.98,standard,built-in,10.98,power-dry with fan on and heat off,Dishwasher
LUDP899#**,LG Signature,269,10.98,standard,built-in,10.98,power-dry with fan on and heat off,Dishwasher
LSDT990#**,LG,269,10.98,standard,built-in,10.98,power-dry with fan on and heat off,Dishwasher
LSDTS988**,LG,269,10.98,standard,built-in,10.98,power-dry with fan on and heat off,Dishwasher
SHV89PW5**,Bosch,269,11,standard,built-in,11,heat-only,Dishwasher
SHV88PW5**,Bosch,269,11,standard,built-in,11,heat-only,Dishwasher
SHX88PW5**,Bosch,269,11,standard,built-in,11,heat-only,Dishwasher
SHVM98W7**,Bosch,269,11,standard,built-in,11,heat-only,Dishwasher
SHXM98W7**,Bosch,269,11,standard,built-in,11,heat-only,Dishwasher
SHPM98W7**,Bosch,269,11,standard,built-in,11,heat-only,Dishwasher
SHP88PW5**,Bosch,269,11,standard,built-in,11,heat-only,Dishwasher
SHVM4A****,Bosch,269,11,standard,built-in,11,heat-only,Dishwasher
SHSM53B5**,Bosch,269,11,standard,built-in,11,heat-only,Dishwasher
SHE89PW5**,Bosch,269,11,standard,built-in,11,heat-only,Dishwasher
SHXN8U5###,Bosch,269,11,standard,built-in,11,heat-only,Dishwasher
SHX89PW5**,Bosch,269,11,standard,built-in,11,heat-only,Dishwasher
SHSM63W5**,Bosch,269,11,standard,built-in,11,heat-only,Dishwasher
SHXM63W5**,Bosch,269,11,standard,built-in,11,heat-only,Dishwasher
SHVM63W5**,Bosch,269,11,standard,built-in,11,heat-only,Dishwasher
SHS863WD**,Bosch,269,11,standard,built-in,11,heat-only,Dishwasher
SHX863WD**,Bosch,269,11,standard,built-in,11,heat-only,Dishwasher
SHV863WD**,Bosch,269,11,standard,built-in,11,heat-only,Dishwasher
SHPM65W5**,Bosch,269,11,standard,built-in,11,heat-only,Dishwasher
SHPM78W5**,Bosch,269,11,standard,built-in,11,heat-only,Dishwasher
SHXM78W5**,Bosch,269,11,standard,built-in,11,heat-only,Dishwasher
SHVM78W5**,Bosch,269,11,standard,built-in,11,heat-only,Dishwasher
SHEM63W5**,Bosch,269,11,standard,built-in,11,heat-only,Dishwasher
SHXM63WS**,Bosch,269,11,standard,built-in,11,heat-only,Dishwasher
SHX87PW5**,Bosch,269,11,standard,built-in,11,heat-only,Dishwasher
SHX5AVB***,Bosch,269,12.11,standard,built-in,12.11,heat-only,Dishwasher
SHX5AVL***,Bosch,269,12.11,standard,built-in,12.11,heat-only,Dishwasher
SHS5AVL***,Bosch,269,12.11,standard,built-in,12.11,heat-only,Dishwasher
SHX5AVF***,Bosch,269,12.11,standard,built-in,12.11,heat-only,Dishwasher
SHX5AV5***,Bosch,269,12.11,standard,built-in,12.11,heat-only,Dishwasher
SHS5AV5***,Bosch,269,12.11,standard,built-in,12.11,heat-only,Dishwasher
SHS5AVF***,Bosch,269,12.11,standard,built-in,12.11,heat-only,Dishwasher
SHV4AT5###,Bosch,269,12.11,standard,built-in,12.11,heat-only,Dishwasher
SHX4AT7###,Bosch,269,12.11,standard,built-in,12.11,heat-only,Dishwasher
SHX4AT5###,Bosch,269,12.11,standard,built-in,12.11,heat-only,Dishwasher
SHX4ATF###,Bosch,269,12.11,standard,built-in,12.11,heat-only,Dishwasher
SHE3AR7#UC,Bosch,269,12.11,standard,built-in,12.11,heat-only,Dishwasher
SHX3AR7#UC,Bosch,269,12.11,standard,built-in,12.11,heat-only,Dishwasher
SHV4ATB***,Bosch,269,12.11,standard,built-in,12.11,heat-only,Dishwasher
LUDWT30250,Breda,269,13.2,standard,built-in,0,heat-only,Dishwasher
LUDWT30155,Breda,269,13.2,standard,built-in,0,heat-only,Dishwasher
LUDWT30150,Breda,269,13.2,standard,built-in,0,heat-only,Dishwasher
LUDWA30155,Breda,269,13.2,standard,built-in,0,heat-only,Dishwasher
LUDWA30150,Breda,269,13.2,standard,built-in,0,heat-only,Dishwasher
HUI6220XCUS,Hisense,269,13.2,standard,built-in,0,heat-only,Dishwasher
HUI6230XCUS,Hisense,269,13.2,standard,built-in,0,heat-only,Dishwasher
TDPC4221***A,Tappan,269,16.09,standard,built-in,15.07,power-dry with fan and heat on,Dishwasher
PFD102I,Miele,270,12.5,standard,built-in,0,air dry,Dishwasher
PFD101U,Miele,270,12.5,standard,built-in,0,air dry,Dishwasher
PFD101I,Miele,270,12.5,standard,built-in,0,air dry,Dishwasher
PFD101,Miele,270,12.5,standard,built-in,0,air dry,Dishwasher
PFD103SCIXXL,Miele,270,12.5,standard,built-in,0,air dry,Dishwasher
PFD104SCVIXXL,Miele,270,12.5,standard,built-in,0,air dry,Dishwasher
FFCD2418***A,Frigidaire,270,12.6,standard,built-in,12.6,heat on/off,Dishwasher
FFCD2413***A,Frigidaire,270,12.6,standard,built-in,12.6,heat on/off,Dishwasher
LDS504#***,LG,270,12.87,standard,built-in,12.87,power-dry with fan on and heat off,Dishwasher
LDS554#***,LG,270,12.87,standard,built-in,12.87,power-dry with fan on and heat off,Dishwasher
GDT53***P***,GE,270,13.2,standard,built-in,13.2,power-dry with fan and heat on,Dishwasher
GDF64***N***,GE,270,13.2,standard,built-in,13.2,power-dry with fan and heat on,Dishwasher
EIDW1815**,Electrolux,270,13.2,standard,built-in,13.2,power-dry off,Dishwasher
PBT86***M***,GE Profile,270,13.2,standard,built-in,13.2,power-dry with fan and heat on,Dishwasher
QDP55***N***,Haier,270,13.2,standard,built-in,13.2,power-dry with fan and heat on,Dishwasher
GSD33**K****,GE,270,13.2,standard,built-in,13.2,heat-only,Dishwasher
GDF51***M***,GE,270,13.2,standard,built-in,13.2,heat-only,Dishwasher
GDT53***M***,GE,270,13.2,standard,built-in,13.2,heat-only,Dishwasher
GDF53***M***,GE,270,13.2,standard,built-in,13.2,heat-only,Dishwasher
GDT60***M***,GE,270,13.2,standard,built-in,13.2,heat-only,Dishwasher
GDF63***M***,GE,270,13.2,standard,built-in,13.2,heat-only,Dishwasher
GDT63***M***,GE,270,13.2,standard,built-in,13.2,heat-only,Dishwasher
GBT41***M***,GE Appliances,270,13.2,standard,built-in,13.2,power-dry with fan and heat on,Dishwasher
GBT63***M***,GE Appliances,270,13.2,standard,built-in,13.2,power-dry with fan and heat on,Dishwasher
GBF53***M***,GE Appliances,270,13.2,standard,built-in,13.2,power-dry with fan and heat on,Dishwasher
GDF64***M***,GE,270,13.2,standard,built-in,13.2,heat-only,Dishwasher
GBF18***M***,GE Appliances,270,13.2,standard,built-in,13.2,power-dry with fan and heat on,Dishwasher
DBP655**T***,GE Adora,270,13.2,standard,built-in,13.2,power-dry with fan and heat on,Dishwasher
404.621.69,Ikea,270,13.2,standard,built-in,13.2,power-dry off,Dishwasher
MBF42***M***,Moffat,270,13.2,standard,built-in,13.2,power-dry with fan and heat on,Dishwasher
CDT800**N***,Café,270,13.2,standard,built-in,13.2,power-dry with fan and heat on,Dishwasher
ZDT16***L***,Monogram,270,13.2,standard,built-in,13.2,power-dry with fan on and heat off,Dishwasher
GBF41***M***,GE Appliances,270,13.2,standard,built-in,13.2,power-dry with fan and heat on,Dishwasher
WDF340PAM**,Whirlpool,270,13.25,standard,built-in,13.25,power-dry and heat on,Dishwasher
WDPA70SAM**,Whirlpool,270,13.25,standard,built-in,13.25,power-dry and heat on,Dishwasher
WDF331PAM**,Whirlpool,270,13.25,standard,built-in,13.25,power-dry and heat on,Dishwasher
WDT530HAM**,Whirlpool,270,13.25,standard,built-in,13.25,power-dry and heat on,Dishwasher
WDP560HAM**,Whirlpool,270,13.25,standard,built-in,13.25,power-dry and heat on,Dishwasher
ADB1400AM**,Amana,270,13.25,standard,built-in,13.25,power-dry and heat on,Dishwasher
GDPH4515***A,Frigidaire,270,13.25,standard,built-in,12.23,power-dry with fan and heat on,Dishwasher
GDPP4515***A,Frigidaire,270,13.25,standard,built-in,12.23,power-dry with fan and heat on,Dishwasher
FDSH4501***A,Frigidaire,270,13.25,standard,built-in,9.39,power-dry off,Dishwasher
FDSH450L***A,Frigidaire,270,13.25,standard,built-in,9.39,power-dry off,Dishwasher
JDPSS244L**,Jenn-Air,270,13.25,standard,built-in,13.25,power-dry and heat on,Dishwasher
JDPSG244L**,Jenn-Air,270,13.25,standard,built-in,13.25,power-dry and heat on,Dishwasher
JDPSS245L**,Jenn-Air,270,13.25,standard,built-in,13.25,power-dry and heat on,Dishwasher
JDPSS246L**,Jenn-Air,270,13.25,standard,built-in,13.25,power-dry and heat on,Dishwasher
MDB9979SK**,Maytag,270,13.25,standard,built-in,13.25,power-dry with fan and heat on,Dishwasher
MDB9959SK**,Maytag,270,13.25,standard,built-in,13.25,power-dry with fan and heat on,Dishwasher
MDB7959SK**,Maytag,270,13.25,standard,built-in,13.25,power-dry and heat on,Dishwasher
MDB8959SK**,Maytag,270,13.25,standard,built-in,13.25,power-dry and heat on,Dishwasher
MDB4949SK**,Maytag,270,13.25,standard,built-in,13.25,power-dry and heat on,Dishwasher
MDTS4224P**,Maytag,270,13.25,standard,built-in,13.25,power-dry and heat on,Dishwasher
MDPS4224R**,Maytag,270,13.25,standard,built-in,13.25,power-dry and heat on,Dishwasher
WDF331PAH**,Whirlpool,270,13.25,standard,built-in,13.25,heat on/off,Dishwasher
804.621.67,Lagan,270,13.25,standard,built-in,11.96,power-dry with fan and heat on,Dishwasher
KDTM804K***,KitchenAid,270,13.25,standard,built-in,13.25,power-dry with fan and heat on,Dishwasher
KDPM804K***,KitchenAid,270,13.25,standard,built-in,13.25,power-dry with fan and heat on,Dishwasher
KDTE304LPA*,KitchenAid,270,13.25,standard,built-in,13.25,power-dry with fan and heat on,Dishwasher
KDTM704LPA*,KitchenAid,270,13.25,standard,built-in,13.25,power-dry with fan and heat on,Dishwasher
KDTM404K***,KitchenAid,270,13.25,standard,built-in,13.25,power-dry and heat on,Dishwasher
KDFM404K***,KitchenAid,270,13.25,standard,built-in,13.25,power-dry and heat on,Dishwasher
KDFE104K***,KitchenAid,270,13.25,standard,built-in,13.25,power-dry and heat on,Dishwasher
KDFE204K***,KitchenAid,270,13.25,standard,built-in,13.25,power-dry and heat on,Dishwasher
KDTE204K***,KitchenAid,270,13.25,standard,built-in,13.25,power-dry and heat on,Dishwasher
PG8130I,Miele,270,13.25,standard,built-in,0,air dry,Dishwasher
PG8130U,Miele,270,13.25,standard,built-in,0,air dry,Dishwasher
PG8133SCVI,Miele,270,13.25,standard,built-in,0,air dry,Dishwasher
KDTM604K***,KitchenAid,270,13.25,standard,built-in,13.25,power-dry with fan and heat on,Dishwasher
KDPM604K***,KitchenAid,270,13.25,standard,built-in,13.25,power-dry with fan and heat on,Dishwasher
KDTM704K***,KitchenAid,270,13.25,standard,built-in,13.25,power-dry with fan and heat on,Dishwasher
KDPM704K***,KitchenAid,270,13.25,standard,built-in,13.25,power-dry with fan and heat on,Dishwasher
GLDW12FWEA5A,Galanz,270,13.25,standard,built-in,13.25,power-dry off,Dishwasher
GLDW12FSBA5A,Galanz,270,13.25,standard,built-in,13.25,power-dry off,Dishwasher
EDSH4944***A,Electrolux,270,13.25,standard,built-in,9.39,power-dry with fan and heat on,Dishwasher
905.222.84*A,Ikea,270,13.25,standard,built-in,12.23,power-dry with fan and heat on,Dishwasher
605.222.85*A,Ikea,270,13.25,standard,built-in,12.23,power-dry with fan and heat on,Dishwasher
905.045.72*A,Ikea,270,13.25,standard,built-in,9.7,power-dry with fan and heat on,Dishwasher
WDF330PAH**,Whirlpool,270,13.25,standard,built-in,13.25,heat on/off,Dishwasher
WDT730HAM**,Whirlpool,270,13.25,standard,built-in,13.25,power-dry with fan and heat on,Dishwasher
WDP730HAM**,Whirlpool,270,13.25,standard,built-in,13.25,power-dry with fan and heat on,Dishwasher
WDTA80SAK**,Whirlpool,270,13.25,standard,built-in,13.25,power-dry and heat on,Dishwasher
WDTA50SAK**,Whirlpool,270,13.25,standard,built-in,13.25,power-dry and heat on,Dishwasher
WDT750SAK**,Whirlpool,270,13.25,standard,built-in,13.25,power-dry and heat on,Dishwasher
WDT740SAL**,Whirlpool,270,13.25,standard,built-in,13.25,power-dry and heat on,Dishwasher
WDT970SAK**,Whirlpool,270,13.25,standard,built-in,13.25,power-dry and heat on,Dishwasher
WDT540HAM**,Whirlpool,270,13.25,standard,built-in,13.25,power-dry and heat on,Dishwasher
WDP540HAM**,Whirlpool,270,13.25,standard,built-in,13.25,power-dry and heat on,Dishwasher
587.146438J,Kenmore,270,16,standard,built-in,16,power-dry off,Dishwasher
FFBD1831**,Frigidaire,270,16,standard,built-in,16,power-dry off,Dishwasher
FFBD2420**,Frigidaire,270,16,standard,built-in,16,power-dry off,Dishwasher
587.146428J,Kenmore,270,16,standard,built-in,16,power-dry off,Dishwasher
587.146398J,Kenmore,270,16,standard,built-in,16,power-dry off,Dishwasher
587.146498J,Kenmore,270,16,standard,built-in,16,power-dry off,Dishwasher
587.146328J,Kenmore,270,16,standard,built-in,16,power-dry off,Dishwasher
587.146338J,Kenmore,270,16,standard,built-in,16,power-dry off,Dishwasher
FDPC4221****,Frigidaire,270,16.09,standard,built-in,15.07,power-dry with fan and heat on,Dishwasher
SHX2AR##UC,Bosch,279,12.11,standard,built-in,12.11,heat-only,Dishwasher
LDS504#**,LG,279,12.87,standard,built-in,12.87,power-dry with fan on and heat off,Dishwasher
LDS556#**,LG,279,12.87,standard,built-in,12.87,power-dry with fan on and heat off,Dishwasher
LDS554#**,LG,279,12.87,standard,built-in,12.87,power-dry with fan on and heat off,Dishwasher
PFD401240VUSST,Miele,280,18.9,standard,built-in,0,air dry,Dishwasher
PFD404208VUSST,Miele,280,18.9,standard,built-in,0,air dry,Dishwasher
PFD404240VUSST,Miele,280,18.9,standard,built-in,0,air dry,Dishwasher
PFD401208VUSST,Miele,280,18.9,standard,built-in,0,air dry,Dishwasher
DD24DCHT*9,Fisher & Paykel,282,14.42,standard,built-in,14.42,power-dry with fan on and heat off,Dishwasher
DD24DHTI9,Fisher & Paykel,286,14.8,standard,built-in,14.8,power-dry with fan on and heat off,Dishwasher
GSM22**V****,GE,307,18.9,standard,built-in,18.9,heat-only,Dishwasher
XDF25***R***,Crosley,307,18.9,standard,built-in,18.9,no user selectable power dry option,Dishwasher
GSD21**V****,GE,307,18.9,standard,built-in,18.9,heat-only,Dishwasher
HDF33***R***,Hotpoint,307,18.9,standard,built-in,18.9,no user selectable power dry option,Dishwasher
GDF45***R***,GE,307,18.9,standard,built-in,18.9,no user selectable power dry option,Dishwasher
HDA21**H****,Hotpoint,307,18.9,standard,built-in,18.9,heat-only,Dishwasher
HDF31***R***,Hotpoint,307,18.9,standard,built-in,18.9,no user selectable power dry option,Dishwasher
WDP370PAH**,Whirlpool,307,18.93,standard,portable,18.93,heat on/off,Dishwasher